ID,GeoString
INT_110,"LINESTRING(117.214778034523 -22.5906604652323,117.214703851917 -22.5906323719862,117.21464490845 -22.5906131645499,117.214599375812 -22.5906016148033,117.214556478661 -22.5905943634768,117.214523248199 -22.5905918711155,117.214491204192 -22.5905927470541,117.214461221894 -22.5905972170499,117.214434001507 -22.5906051185575,117.214409990383 -22.5906158646079,117.214386718362 -22.5906303492002,117.214363640842 -22.5906493940913,117.214343636435 -22.5906710758283,117.21432900025 -22.5906919899902,117.214315657495 -22.5907181236624,117.214304580674 -22.590746325272,117.214296722842 -22.5907684765843)"
